{
	"scores": {
		"sadness": 0.3,
		"happiness": 0.00062601926,
		"disgust": 0.004216426,
		"anger": 0.0192951765,
		"surprise": 0.00129599078,
		"fear": 0.000128436775,
		"neutral": 0.940130651,
		"contempt": 0.00159975828
	}
}